netID;githubUser;Name
eabbott9;EvanA4;Evan Abott
kbissonn;Kaden-Bissonnette;Kaden Bissonette
cboddick;CharlieBoddicker;Charles Boddicker
hcrettol;harrisoncrettol;Harrison Crettol
tgarrio1;tyler-garriott;Tyler Garriot
mjohn326;Kenzie218;Makenzie Johnson
dlong37;david-looong;David Long
emolder;wmolder;Ethan Molder
jmurph91;Jackson-Murphy04;Jackson Murphy
dpate172;dhrumilp12;Dhrumil Patel
asaucer;PiSaucer;Alan Saucer
bslessma;breanna-s;Breanna Slessman
astubbin;avery906;Avery Stubbings
lwang111;MrKleenex12;Lawrence Wang
cwolver1;ChaseWolverton;Chase Wolverton
hawad;hamzaawad101;Hamza Awad
pstorch1;Durza14;Pablo Storch
ccough13;Tempstarwolf;Colton Coughlin
asangiul;asangiul;Ava Sangiuliano
dbritto3;dmbritton1;Dwight Britton
tlopez7;tlopez7;Tristan Lopez
jtyuill;jtyuill;Jacob Yuill
ttb615;jdlange3;Jonathan Lange
cliddel2;Cliddell23;Conner Liddell
hvo5;HienVo22;Hien Vo
sydlwils;sydwilson;Sydney Wilson
kbc177;kbc177;Devang Gupta
afink12;annieefinkk;Annie Fink
dkim68;Dubu911;Dayoung Kim
sbombry1;Sbombr;Samuel Bombrys
kyandall;koeniyandall;Keoni Yandall
aamphone;pepsicoe;Aidan Amphonephong
aberard;DrewB-5;Drew Berard
pmarino;pmarino92;Philip Marino
dmengeli;DMengeli04;Davyn Mengeling
jvijayak;jubin-vjk;Jubin Vijayakumar
kha5;kim-ha5;Kim Ha
hneel;rowobeans;Ro Neel
smaciasa;SergioMaciasAyala;Sergio Macias-Ayala
cdamron3;SoulScion;Cade Damron
gelkhoda;GasserElkhodary;Gasser Elkhodary
spate198;spatel787;Siddh Patel
cgoering;camgoering;Camden Goering
melawady;melawadyutk;Marwan Elawady
wknepp;WyattKnepp;Wyatt Knepp
cfinley6;cfinley6-vols;Connor Finley
bdowlin2;Brett-Dowling;Brett Dowling
ltipto11;lgtipton4;Levi Tipton
oyoungbl;OwenYoungblood;Owen Youngblood
lsantucc;lsantucc;Lucas Santucci
gkhot;gkhot27;Gururaj Khot
ksaravan;12Koushik1;Koushik Kumar
jbronyah;jbronyah;Joseph Bronyah
jpark127;UTRADDORE;Jaehwan Park
bnoyes;Ben-Noyes;Benjamin Noyes
hnaicker;hvnaick;Hari Naicker
wch356;memara51;Moamen Ahmed
jbell96;jbell96utk;Jordan Bell
aalkafou;Amiraa-Alkafoury;Amira Alkafoury
pshu;perryshu;Perry Shu
smurph61;ScottyMurphy;Scott Murphy
ncash3;ncash3;Noah Cash
mmariaru;mythicalcoding730;Mithun Raj
pvickery;PhilipVickery;Philip Vickery
bjy819;FinnSpar;Finn Sparks
spastor;sarah-gaddis;Sarah Gaddis
amart170;yearonebatman;Adam Martin
jzr266;NiryXD;Ar-Raniry Ar-Rasyid
rkabarwa;RuhiKabarwal;Ruhi Kabarwal
ddemarco;devinpdemarco;Devin Demarco
gwright30;GreyWright;Greyson Wright
smazunda;SuryaMazundar;Surya Mazundar
pvathana;AlexVathana;Alex Vathana
arother1;alexrother;Alex Rother
tcartier;TylerCartier106;Tyler Cartier
jharves1;rivetingpeach;Jordan Harveston
bxy539;Bansari26700;Bansari Patel
ggood3;goodtoknowgg;Gavin Good
econstan;emconstantin;Emily Constantin
hsaleh5;HamzahSaleh;Hamzah Saleh
jmill291;jahke318;Jacob Miller
ccolli78;chesedcaseycollins;Casey Collins
